Type,Ratio,Avg Score,Std,Anxiety Index
Total,,,,6.207837115893266
News,0.926,0.124,0.12279547864934513,0.8707857171080721
Reddit_FinBERT,0.958,0.104,0.49024831536098695,0.03213035455913924
Reddit_RoBERTa,0.765,0.165,0.41513749873643413,0.051272837381258714
Reddit_Combined,,,,2.4800000119228187
