Type,Ratio,Avg Score,Std,Anxiety Index
Total,,,,6.766798506458028
News,0.905,0.204,0.14926801502216472,0.8294205028725001
Reddit_FinBERT,0.914,0.146,0.489421608749666,0.050988880806073784
Reddit_RoBERTa,0.676,0.189,0.37668967481351423,0.05554428775800443
Reddit_Combined,,,,2.629634810103278
