Type,Ratio,Avg Score,Std,Anxiety Index
Total,,,,7.279215260453647
News,0.898,0.173,0.16241628674325267,0.8038266798677519
Reddit_FinBERT,0.932,0.107,0.4921892251292518,0.032620572509261696
Reddit_RoBERTa,0.674,0.11,0.3910433479807578,0.02458945619569494
Reddit_Combined,,,,2.8014357743346485
