Type,Ratio,Avg Score,Std,Anxiety Index
Total,,,,7.439404501432621
News,0.922,0.155,0.15235100875531118,0.8425947615217675
Reddit_FinBERT,0.975,0.07,0.5215968156490587,0.018057252698015832
Reddit_RoBERTa,0.707,0.118,0.37780500135336886,0.028657772107545273
Reddit_Combined,,,,2.7952090953161344
