Type,Ratio,Avg Score,Std,Anxiety Index
Total,,,,8.436973003362532
News,0.859,0.123,0.17522316912357808,0.7568149470228499
Reddit_FinBERT,0.967,0.113,0.5017317787202419,0.03673196309527984
Reddit_RoBERTa,0.691,0.184,0.313586422608576,0.05453870001589696
Reddit_Combined,,,,3.193197618087751
