Type,Ratio,Avg Score,Std,Anxiety Index
Total,,,,8.58678464893656
News,0.946,0.229,0.13945173537309813,0.8782627452921609
Reddit_FinBERT,0.811,0.141,0.43561798376304184,0.04293876243373812
Reddit_RoBERTa,0.688,0.12,0.36164155058719555,0.0285996229345773
Reddit_Combined,,,,2.9692767051022066
