Type,Ratio,Avg Score,Std,Anxiety Index
Total,,,,5.423793714702841
News,0.925,0.177,0.13022992316959964,0.8682489827448557
Reddit_FinBERT,0.953,0.124,0.47384784243233374,0.04161265524351937
Reddit_RoBERTa,0.595,0.052,0.3252557113684213,0.007055405530513465
Reddit_Combined,,,,2.4534781229793143
