Type,Ratio,Avg Score,Std,Anxiety Index
Total,,,,7.342276629109918
News,0.929,0.218,0.1386481495188286,0.8576370183624837
Reddit_FinBERT,0.978,0.136,0.5261550559076125,0.0490509267670245
Reddit_RoBERTa,0.709,0.217,0.3916115969390371,0.07166974115449977
Reddit_Combined,,,,2.589308570940768
