Type,Ratio,Avg Score,Std,Anxiety Index
Total,,,,8.090308166505398
News,0.894,0.17,0.15111968394707315,0.8168179128466136
Reddit_FinBERT,0.932,0.221,0.4706957616125304,0.09682874943560926
Reddit_RoBERTa,0.807,0.205,0.3970550969324031,0.07490388201638817
Reddit_Combined,,,,2.845762572099941
