Type,Ratio,Avg Score,Std,Anxiety Index
Total,,,,7.140106504917366
News,0.909,0.199,0.15957783847606574,0.8229273030913652
Reddit_FinBERT,0.812,0.062,0.3992881165274018,0.012535554907222895
Reddit_RoBERTa,0.611,0.122,0.31068276067039474,0.026036401272218863
Reddit_Combined,,,,2.9029000666091886
