Type,Ratio,Avg Score,Std,Anxiety Index
Total,,,,8.992297766279385
News,0.943,0.167,0.14737338934148467,0.8694360215256377
Reddit_FinBERT,0.987,0.178,0.5243536497441397,0.07412200460111693
Reddit_RoBERTa,0.651,0.169,0.32770833068446703,0.04522838136622845
Reddit_Combined,,,,3.3777624706119003
