Type,Ratio,Avg Score,Std,Anxiety Index
Total,,,,5.008778530269273
News,0.908,0.237,0.15114124004890808,0.8242463074678918
Reddit_FinBERT,0.869,0.055,0.3701600254544572,0.011208921062038042
Reddit_RoBERTa,0.705,0.18,0.37933289396576786,0.05383911031954372
Reddit_Combined,,,,2.0597476200022786
