Type,Ratio,Avg Score,Std,Anxiety Index
Total,,,,8.238702866479821
News,0.91,0.135,0.1289045355856823,0.847515170535181
Reddit_FinBERT,0.99,0.112,0.5205998943526593,0.03710754549683932
Reddit_RoBERTa,0.682,0.206,0.30991522138230715,0.0637654171568257
Reddit_Combined,,,,3.320140759569261
