Type,Ratio,Avg Score,Std,Anxiety Index
Total,,,,7.707004502067959
News,0.94,0.129,0.13627108154927883,0.8770891461973461
Reddit_FinBERT,0.989,0.139,0.5128275782365843,0.0512529056922532
Reddit_RoBERTa,0.678,0.155,0.3138853293800142,0.041373974373995065
Reddit_Combined,,,,3.384584592283817
