Type,Ratio,Avg Score,Std,Anxiety Index
Total,,,,6.059389711155833
News,0.915,0.192,0.13635892929236662,0.8464745181851925
Reddit_FinBERT,0.814,0.271,0.5761955686512465,0.11483607524883459
Reddit_RoBERTa,0.783,0.261,0.45861130964394387,0.10440529457699453
Reddit_Combined,,,,1.8294489825955305
