Type,Ratio,Avg Score,Std,Anxiety Index
Total,,,,8.189382224173634
News,0.907,0.175,0.14969762231557146,0.8339894429354051
Reddit_FinBERT,0.972,0.212,0.49813252364316774,0.09487899074269286
Reddit_RoBERTa,0.674,0.221,0.34494289382447063,0.07002422437725392
Reddit_Combined,,,,2.6725927399833744
