Type,Ratio,Avg Score,Std,Anxiety Index
Total,,,,7.385807244537968
News,0.924,0.159,0.15299458105977548,0.8458098498225227
Reddit_FinBERT,0.906,0.134,0.49107227792134345,0.04444116090904918
Reddit_RoBERTa,0.669,0.087,0.3634398162007019,0.01716741859404028
Reddit_Combined,,,,2.865281655366532
