Type,Ratio,Avg Score,Std,Anxiety Index
Total,,,,5.296568407274576
News,0.791,0.172,0.16610217487133094,0.6992079174060113
Reddit_FinBERT,0.763,0.036,0.3534367745034868,0.005211686566170303
Reddit_RoBERTa,0.558,0.066,0.31481170676181297,0.00946128450814159
Reddit_Combined,,,,2.451734640315782
