Type,Ratio,Avg Score,Std,Anxiety Index
Total,,,,11.829936118533022
News,0.934,0.305,0.13570259631378448,0.8625752870321348
Reddit_FinBERT,0.897,0.152,0.32753601219669615,0.05315667712594534
Reddit_RoBERTa,0.674,0.254,0.049459759978621586,0.08628006656038231
Reddit_Combined,,,,35.34436884913701
